"disease_id","pathway_id","evidence","weight"
"0","44","context_pathway_projection","0.6401610970497131"
"0","159","context_pathway_projection","0.6628034710884094"
"0","199","context_pathway_projection","0.022800209000706673"
"0","231","context_pathway_projection","0.5423873066902161"
"0","285","context_pathway_projection","0.022800209000706673"
"0","286","context_pathway_projection","0.022800209000706673"
"0","420","context_pathway_projection","0.7307305335998535"
"0","433","context_pathway_projection","0.586642861366272"
"0","454","context_pathway_projection","0.5547376871109009"
"0","625","context_pathway_projection","0.023265518248081207"
"0","930","context_pathway_projection","0.6298691630363464"
"0","1008","context_pathway_projection","0.5423873066902161"
"1","289","context_pathway_projection","0.18675735592842102"
"1","437","context_pathway_projection","0.17623582482337952"
"1","484","context_pathway_projection","0.2018347978591919"
"1","967","context_pathway_projection","0.20531471073627472"
"1","968","context_pathway_projection","0.2018347978591919"
"1","969","context_pathway_projection","0.20879462361335754"
"1","970","context_pathway_projection","0.1905250996351242"
"1","972","context_pathway_projection","0.17190133035182953"
"1","1011","context_pathway_projection","0.2018347978591919"
"1","1012","context_pathway_projection","0.1887851357460022"
"1","1013","context_pathway_projection","0.2018347978591919"
"1","1090","context_pathway_projection","0.1710309386253357"
"2","285","context_pathway_projection","0.3223867118358612"
"2","289","context_pathway_projection","0.38237783312797546"
"2","437","context_pathway_projection","0.3608354330062866"
"2","484","context_pathway_projection","0.43435433506965637"
"2","625","context_pathway_projection","0.32896602153778076"
"2","967","context_pathway_projection","0.4418432414531708"
"2","968","context_pathway_projection","0.43435433506965637"
"2","969","context_pathway_projection","0.4493320882320404"
"2","970","context_pathway_projection","0.4100155532360077"
"2","1011","context_pathway_projection","0.43435433506965637"
"2","1012","context_pathway_projection","0.4062710702419281"
"2","1013","context_pathway_projection","0.43435433506965637"
"3","285","context_pathway_projection","0.3243580162525177"
"3","289","context_pathway_projection","0.38008201122283936"
"3","437","context_pathway_projection","0.3586689531803131"
"3","484","context_pathway_projection","0.4216057360172272"
"3","625","context_pathway_projection","0.33097755908966064"
"3","967","context_pathway_projection","0.42887482047080994"
"3","968","context_pathway_projection","0.4216057360172272"
"3","969","context_pathway_projection","0.4361438751220703"
"3","970","context_pathway_projection","0.39798128604888916"
"3","1011","context_pathway_projection","0.4216057360172272"
"3","1012","context_pathway_projection","0.3943467438220978"
"3","1013","context_pathway_projection","0.4216057360172272"
"4","44","context_pathway_projection","0.5923017859458923"
"4","159","context_pathway_projection","0.6132513880729675"
"4","199","context_pathway_projection","0.08499587327241898"
"4","231","context_pathway_projection","0.5018377304077148"
"4","285","context_pathway_projection","0.08499587327241898"
"4","286","context_pathway_projection","0.08499587327241898"
"4","420","context_pathway_projection","0.6761001348495483"
"4","433","context_pathway_projection","0.5427846312522888"
"4","454","context_pathway_projection","0.5132647156715393"
"4","625","context_pathway_projection","0.0867304801940918"
"4","930","context_pathway_projection","0.5827792882919312"
"4","1008","context_pathway_projection","0.5018377304077148"
"5","199","context_pathway_projection","0.4029615521430969"
"5","289","context_pathway_projection","0.4905202388763428"
"5","437","context_pathway_projection","0.4628852903842926"
"5","484","context_pathway_projection","0.5384063720703125"
"5","625","context_pathway_projection","0.41118523478507996"
"5","967","context_pathway_projection","0.5476892590522766"
"5","968","context_pathway_projection","0.5384063720703125"
"5","969","context_pathway_projection","0.5569721460342407"
"5","970","context_pathway_projection","0.5082371234893799"
"5","1011","context_pathway_projection","0.5384063720703125"
"5","1012","context_pathway_projection","0.5035956501960754"
"5","1013","context_pathway_projection","0.5384063720703125"
"6","199","context_pathway_projection","0.40338385105133057"
"6","289","context_pathway_projection","0.49193713068962097"
"6","437","context_pathway_projection","0.46422237157821655"
"6","484","context_pathway_projection","0.5401888489723206"
"6","625","context_pathway_projection","0.41161617636680603"
"6","967","context_pathway_projection","0.5495024919509888"
"6","968","context_pathway_projection","0.5401888489723206"
"6","969","context_pathway_projection","0.5588160753250122"
"6","970","context_pathway_projection","0.5099197030067444"
"6","1011","context_pathway_projection","0.5401888489723206"
"6","1012","context_pathway_projection","0.5052628517150879"
"6","1013","context_pathway_projection","0.5401888489723206"
"7","44","context_pathway_projection","0.5729765892028809"
"7","159","context_pathway_projection","0.5932426452636719"
"7","199","context_pathway_projection","0.11769924312829971"
"7","231","context_pathway_projection","0.48546409606933594"
"7","285","context_pathway_projection","0.11769924312829971"
"7","286","context_pathway_projection","0.11769924312829971"
"7","420","context_pathway_projection","0.6540408134460449"
"7","433","context_pathway_projection","0.5250750184059143"
"7","454","context_pathway_projection","0.4965182840824127"
"7","625","context_pathway_projection","0.12010126560926437"
"7","930","context_pathway_projection","0.563764750957489"
"7","1008","context_pathway_projection","0.48546409606933594"
"8","199","context_pathway_projection","0.5104228854179382"
"8","284","context_pathway_projection","0.5000060796737671"
"8","285","context_pathway_projection","0.5104228854179382"
"8","286","context_pathway_projection","0.5104228854179382"
"8","484","context_pathway_projection","0.5142123103141785"
"8","625","context_pathway_projection","0.5208396911621094"
"8","967","context_pathway_projection","0.5230780839920044"
"8","968","context_pathway_projection","0.5142123103141785"
"8","969","context_pathway_projection","0.5319437980651855"
"8","970","context_pathway_projection","0.4853987395763397"
"8","1011","context_pathway_projection","0.5142123103141785"
"8","1013","context_pathway_projection","0.5142123103141785"
"9","199","context_pathway_projection","0.5289180874824524"
"9","284","context_pathway_projection","0.5181238055229187"
"9","285","context_pathway_projection","0.5289180874824524"
"9","286","context_pathway_projection","0.5289180874824524"
"9","484","context_pathway_projection","0.5061306953430176"
"9","625","context_pathway_projection","0.5397123098373413"
"9","653","context_pathway_projection","0.4965353310108185"
"9","967","context_pathway_projection","0.5148571133613586"
"9","968","context_pathway_projection","0.5061306953430176"
"9","969","context_pathway_projection","0.5235834717750549"
"9","1011","context_pathway_projection","0.5061306953430176"
"9","1013","context_pathway_projection","0.5061306953430176"
"10","199","context_pathway_projection","0.49772483110427856"
"10","284","context_pathway_projection","0.48756715655326843"
"10","285","context_pathway_projection","0.49772483110427856"
"10","286","context_pathway_projection","0.49772483110427856"
"10","434","context_pathway_projection","0.4015706181526184"
"10","518","context_pathway_projection","0.5352534055709839"
"10","524","context_pathway_projection","0.4642344117164612"
"10","528","context_pathway_projection","0.5237650275230408"
"10","625","context_pathway_projection","0.5078824758529663"
"10","631","context_pathway_projection","0.430813729763031"
"10","653","context_pathway_projection","0.46725189685821533"
"10","668","context_pathway_projection","0.4349913001060486"
"11","199","context_pathway_projection","0.5147424340248108"
"11","284","context_pathway_projection","0.5042374730110168"
"11","285","context_pathway_projection","0.5147424340248108"
"11","286","context_pathway_projection","0.5147424340248108"
"11","484","context_pathway_projection","0.47278931736946106"
"11","625","context_pathway_projection","0.5252473950386047"
"11","653","context_pathway_projection","0.48322761058807373"
"11","967","context_pathway_projection","0.48094087839126587"
"11","968","context_pathway_projection","0.47278931736946106"
"11","969","context_pathway_projection","0.4890924096107483"
"11","1011","context_pathway_projection","0.47278931736946106"
"11","1013","context_pathway_projection","0.47278931736946106"
"12","111","context_pathway_projection","0.5512881278991699"
"12","199","context_pathway_projection","0.45179909467697144"
"12","284","context_pathway_projection","0.4425787031650543"
"12","285","context_pathway_projection","0.45179909467697144"
"12","286","context_pathway_projection","0.45179909467697144"
"12","409","context_pathway_projection","0.4166223108768463"
"12","625","context_pathway_projection","0.46101948618888855"
"12","653","context_pathway_projection","0.4241379201412201"
"12","831","context_pathway_projection","0.44748324155807495"
"12","972","context_pathway_projection","0.5540936589241028"
"12","1090","context_pathway_projection","0.5512881278991699"
"12","1092","context_pathway_projection","0.4727330803871155"
"13","44","context_pathway_projection","0.6474061012268066"
"13","159","context_pathway_projection","0.6703047156333923"
"13","231","context_pathway_projection","0.5485258102416992"
"13","420","context_pathway_projection","0.7390005588531494"
"13","433","context_pathway_projection","0.593282163143158"
"13","454","context_pathway_projection","0.5610159039497375"
"13","518","context_pathway_projection","0.0076337107457220554"
"13","524","context_pathway_projection","0.006620847620069981"
"13","528","context_pathway_projection","0.007469865493476391"
"13","668","context_pathway_projection","0.0062037864699959755"
"13","930","context_pathway_projection","0.6369976997375488"
"13","1008","context_pathway_projection","0.5485258102416992"
"14","111","context_pathway_projection","0.5399019122123718"
"14","199","context_pathway_projection","0.4461309313774109"
"14","284","context_pathway_projection","0.4370262026786804"
"14","285","context_pathway_projection","0.4461309313774109"
"14","286","context_pathway_projection","0.4461309313774109"
"14","409","context_pathway_projection","0.40801745653152466"
"14","625","context_pathway_projection","0.45523563027381897"
"14","653","context_pathway_projection","0.41881677508354187"
"14","831","context_pathway_projection","0.43824100494384766"
"14","972","context_pathway_projection","0.542649507522583"
"14","1090","context_pathway_projection","0.5399019122123718"
"14","1092","context_pathway_projection","0.4629693329334259"
"15","5","disease_pathway_prior","0.75"
"15","80","disease_pathway_prior","0.75"
"15","199","context_pathway_projection","0.4992395341396332"
"15","284","context_pathway_projection","0.489050954580307"
"15","285","context_pathway_projection","0.4992395341396332"
"15","286","context_pathway_projection","0.4992395341396332"
"15","484","context_pathway_projection","0.4740746021270752"
"15","625","context_pathway_projection","0.509428083896637"
"15","967","context_pathway_projection","0.48224830627441406"
"15","969","context_pathway_projection","0.49042201042175293"
"15","1011","context_pathway_projection","0.4740746021270752"
"15","1013","context_pathway_projection","0.4740746021270752"
"16","5","disease_pathway_prior","0.75"
"16","80","disease_pathway_prior","0.75"
"16","199","context_pathway_projection","0.4921387732028961"
"16","284","context_pathway_projection","0.4820951223373413"
"16","285","context_pathway_projection","0.4921387732028961"
"16","286","context_pathway_projection","0.4921387732028961"
"16","484","context_pathway_projection","0.46776264905929565"
"16","625","context_pathway_projection","0.5021824240684509"
"16","967","context_pathway_projection","0.47582754492759705"
"16","968","context_pathway_projection","0.46776264905929565"
"16","969","context_pathway_projection","0.48389241099357605"
"16","1011","context_pathway_projection","0.46776264905929565"
"17","5","disease_pathway_prior","0.75"
"17","80","disease_pathway_prior","0.75"
"17","199","context_pathway_projection","0.5136967897415161"
"17","284","context_pathway_projection","0.5032131671905518"
"17","285","context_pathway_projection","0.5136967897415161"
"17","286","context_pathway_projection","0.5136967897415161"
"17","625","context_pathway_projection","0.5241804122924805"
"17","967","context_pathway_projection","0.49069496989250183"
"17","968","context_pathway_projection","0.4823780655860901"
"17","969","context_pathway_projection","0.4990118145942688"
"17","1011","context_pathway_projection","0.4823780655860901"
"17","1013","context_pathway_projection","0.4823780655860901"
"18","44","context_pathway_projection","0.4045831263065338"
"18","159","context_pathway_projection","0.41889315843582153"
"18","231","context_pathway_projection","0.342789888381958"
"18","420","context_pathway_projection","0.4618231952190399"
"18","433","context_pathway_projection","0.3707594871520996"
"18","454","context_pathway_projection","0.3505953550338745"
"18","484","context_pathway_projection","0.33553770184516907"
"18","930","context_pathway_projection","0.398078590631485"
"18","967","context_pathway_projection","0.3413228392601013"
"18","969","context_pathway_projection","0.34710797667503357"
"18","1008","context_pathway_projection","0.342789888381958"
"18","1011","context_pathway_projection","0.33553770184516907"
"19","44","context_pathway_projection","0.6496615409851074"
"19","159","context_pathway_projection","0.6726399064064026"
"19","231","context_pathway_projection","0.5504367351531982"
"19","420","context_pathway_projection","0.7415750622749329"
"19","433","context_pathway_projection","0.5953490138053894"
"19","454","context_pathway_projection","0.5629703402519226"
"19","930","context_pathway_projection","0.6392168402671814"
"19","967","context_pathway_projection","0.004684538580477238"
"19","969","context_pathway_projection","0.004763937555253506"
"19","1008","context_pathway_projection","0.5504367351531982"
"19","1011","context_pathway_projection","0.00460513960570097"
"19","1013","context_pathway_projection","0.00460513960570097"
"20","199","context_pathway_projection","0.5023451447486877"
"20","284","context_pathway_projection","0.49209317564964294"
"20","285","context_pathway_projection","0.5023451447486877"
"20","286","context_pathway_projection","0.5023451447486877"
"20","484","context_pathway_projection","0.47114819288253784"
"20","625","context_pathway_projection","0.5125970840454102"
"20","653","context_pathway_projection","0.4715893268585205"
"20","967","context_pathway_projection","0.47927144169807434"
"20","968","context_pathway_projection","0.47114819288253784"
"20","969","context_pathway_projection","0.48739469051361084"
"20","1011","context_pathway_projection","0.47114819288253784"
"20","1013","context_pathway_projection","0.47114819288253784"
"21","289","context_pathway_projection","0.31885331869125366"
"21","437","context_pathway_projection","0.3008897602558136"
"21","484","context_pathway_projection","0.40207865834236145"
"21","967","context_pathway_projection","0.4090110659599304"
"21","968","context_pathway_projection","0.40207865834236145"
"21","969","context_pathway_projection","0.415943443775177"
"21","970","context_pathway_projection","0.37954840064048767"
"21","972","context_pathway_projection","0.26512375473976135"
"21","1011","context_pathway_projection","0.40207865834236145"
"21","1012","context_pathway_projection","0.376082181930542"
"21","1013","context_pathway_projection","0.40207865834236145"
"21","1090","context_pathway_projection","0.2637813687324524"
"22","289","context_pathway_projection","0.38355210423469543"
"22","437","context_pathway_projection","0.3619435429573059"
"22","476","context_pathway_projection","0.31008297204971313"
"22","484","context_pathway_projection","0.42329153418540955"
"22","601","context_pathway_projection","0.30360040068626404"
"22","967","context_pathway_projection","0.4305897057056427"
"22","968","context_pathway_projection","0.42329153418540955"
"22","969","context_pathway_projection","0.4378878176212311"
"22","970","context_pathway_projection","0.3995726406574249"
"22","1011","context_pathway_projection","0.42329153418540955"
"22","1012","context_pathway_projection","0.39592355489730835"
"22","1013","context_pathway_projection","0.42329153418540955"
"23","199","context_pathway_projection","0.7756706476211548"
"23","284","context_pathway_projection","0.7598406076431274"
"23","285","context_pathway_projection","0.7756706476211548"
"23","286","context_pathway_projection","0.7756706476211548"
"23","289","context_pathway_projection","0.7915006279945374"
"23","484","context_pathway_projection","0.7651172280311584"
"23","625","context_pathway_projection","0.7915006279945374"
"23","967","context_pathway_projection","0.7783089876174927"
"23","968","context_pathway_projection","0.7651172280311584"
"23","969","context_pathway_projection","0.7915006279945374"
"23","1011","context_pathway_projection","0.7651172280311584"
"23","1013","context_pathway_projection","0.7651172280311584"
"24","285","context_pathway_projection","0.30179518461227417"
"24","289","context_pathway_projection","0.36702245473861694"
"24","437","context_pathway_projection","0.34634512662887573"
"24","484","context_pathway_projection","0.4076174795627594"
"24","625","context_pathway_projection","0.30795425176620483"
"24","967","context_pathway_projection","0.41464537382125854"
"24","968","context_pathway_projection","0.4076174795627594"
"24","969","context_pathway_projection","0.4216732680797577"
"24","970","context_pathway_projection","0.38477686047554016"
"24","1011","context_pathway_projection","0.4076174795627594"
"24","1012","context_pathway_projection","0.3812628984451294"
"24","1013","context_pathway_projection","0.4076174795627594"
"25","111","context_pathway_projection","0.5228236317634583"
"25","199","context_pathway_projection","0.4178790748119354"
"25","284","context_pathway_projection","0.4093509316444397"
"25","285","context_pathway_projection","0.4178790748119354"
"25","286","context_pathway_projection","0.4178790748119354"
"25","409","context_pathway_projection","0.39511099457740784"
"25","625","context_pathway_projection","0.42640721797943115"
"25","653","context_pathway_projection","0.39229464530944824"
"25","831","context_pathway_projection","0.42437848448753357"
"25","972","context_pathway_projection","0.5254843235015869"
"25","1090","context_pathway_projection","0.5228236317634583"
"25","1092","context_pathway_projection","0.448324590921402"
"26","285","context_pathway_projection","0.4194124639034271"
"26","289","context_pathway_projection","0.478426069021225"
"26","437","context_pathway_projection","0.4514724910259247"
"26","484","context_pathway_projection","0.5230715274810791"
"26","625","context_pathway_projection","0.42797189950942993"
"26","967","context_pathway_projection","0.5320900082588196"
"26","968","context_pathway_projection","0.5230715274810791"
"26","969","context_pathway_projection","0.5411084890365601"
"26","970","context_pathway_projection","0.49376150965690613"
"26","1011","context_pathway_projection","0.5230715274810791"
"26","1012","context_pathway_projection","0.4892522394657135"
"26","1013","context_pathway_projection","0.5230715274810791"
"27","285","context_pathway_projection","0.34714198112487793"
"27","289","context_pathway_projection","0.39996546506881714"
"27","437","context_pathway_projection","0.3774321973323822"
"27","484","context_pathway_projection","0.435932457447052"
"27","625","context_pathway_projection","0.3542264997959137"
"27","967","context_pathway_projection","0.44344857335090637"
"27","968","context_pathway_projection","0.435932457447052"
"27","969","context_pathway_projection","0.45096462965011597"
"27","970","context_pathway_projection","0.41150522232055664"
"27","1011","context_pathway_projection","0.435932457447052"
"27","1012","context_pathway_projection","0.40774717926979065"
"27","1013","context_pathway_projection","0.435932457447052"
"28","199","context_pathway_projection","0.5069916844367981"
"28","284","context_pathway_projection","0.49664491415023804"
"28","285","context_pathway_projection","0.5069916844367981"
"28","286","context_pathway_projection","0.5069916844367981"
"28","434","context_pathway_projection","0.40550193190574646"
"28","518","context_pathway_projection","0.5404934883117676"
"28","524","context_pathway_projection","0.46877923607826233"
"28","528","context_pathway_projection","0.5288926362991333"
"28","625","context_pathway_projection","0.5173384547233582"
"28","631","context_pathway_projection","0.43503135442733765"
"28","653","context_pathway_projection","0.4759513735771179"
"28","668","context_pathway_projection","0.43924984335899353"
"29","199","context_pathway_projection","0.7695505619049072"
"29","284","context_pathway_projection","0.7538454532623291"
"29","285","context_pathway_projection","0.7695505619049072"
"29","286","context_pathway_projection","0.7695505619049072"
"29","289","context_pathway_projection","0.7870346903800964"
"29","484","context_pathway_projection","0.7600951194763184"
"29","625","context_pathway_projection","0.7852556705474854"
"29","967","context_pathway_projection","0.7732002139091492"
"29","968","context_pathway_projection","0.7600951194763184"
"29","969","context_pathway_projection","0.78630530834198"
"29","1011","context_pathway_projection","0.7600951194763184"
"29","1013","context_pathway_projection","0.7600951194763184"
"30","5","disease_pathway_prior","0.75"
"30","80","disease_pathway_prior","0.75"
"30","199","context_pathway_projection","0.5067753791809082"
"30","284","context_pathway_projection","0.4964330196380615"
"30","285","context_pathway_projection","0.5067753791809082"
"30","286","context_pathway_projection","0.5067753791809082"
"30","625","context_pathway_projection","0.5171177387237549"
"30","967","context_pathway_projection","0.48846960067749023"
"30","968","context_pathway_projection","0.4801904261112213"
"30","969","context_pathway_projection","0.49674874544143677"
"30","1011","context_pathway_projection","0.4801904261112213"
"30","1013","context_pathway_projection","0.4801904261112213"
"31","289","context_pathway_projection","0.3973444104194641"
"31","437","context_pathway_projection","0.3749588131904602"
"31","476","context_pathway_projection","0.3212333619594574"
"31","484","context_pathway_projection","0.4339955151081085"
"31","625","context_pathway_projection","0.32076993584632874"
"31","967","context_pathway_projection","0.4414782226085663"
"31","968","context_pathway_projection","0.4339955151081085"
"31","969","context_pathway_projection","0.44896090030670166"
"31","970","context_pathway_projection","0.40967682003974915"
"31","1011","context_pathway_projection","0.4339955151081085"
"31","1012","context_pathway_projection","0.40593546628952026"
"31","1013","context_pathway_projection","0.4339955151081085"
"32","199","context_pathway_projection","0.4871777892112732"
"32","284","context_pathway_projection","0.477235347032547"
"32","285","context_pathway_projection","0.4871777892112732"
"32","286","context_pathway_projection","0.4871777892112732"
"32","484","context_pathway_projection","0.47671911120414734"
"32","625","context_pathway_projection","0.4971201717853546"
"32","653","context_pathway_projection","0.45735055208206177"
"32","967","context_pathway_projection","0.4849384129047394"
"32","968","context_pathway_projection","0.47671911120414734"
"32","969","context_pathway_projection","0.4931577146053314"
"32","1011","context_pathway_projection","0.47671911120414734"
"32","1013","context_pathway_projection","0.47671911120414734"
"33","289","context_pathway_projection","0.35889217257499695"
"33","437","context_pathway_projection","0.3386729061603546"
"33","476","context_pathway_projection","0.2901466190814972"
"33","484","context_pathway_projection","0.44027066230773926"
"33","625","context_pathway_projection","0.2854906916618347"
"33","967","context_pathway_projection","0.44786155223846436"
"33","968","context_pathway_projection","0.44027066230773926"
"33","969","context_pathway_projection","0.45545241236686707"
"33","970","context_pathway_projection","0.41560032963752747"
"33","1011","context_pathway_projection","0.44027066230773926"
"33","1012","context_pathway_projection","0.4118048846721649"
"33","1013","context_pathway_projection","0.44027066230773926"
"34","199","context_pathway_projection","0.34489545226097107"
"34","285","context_pathway_projection","0.34489545226097107"
"34","286","context_pathway_projection","0.34489545226097107"
"34","484","context_pathway_projection","0.43399474024772644"
"34","625","context_pathway_projection","0.35193413496017456"
"34","967","context_pathway_projection","0.4414774477481842"
"34","968","context_pathway_projection","0.43399474024772644"
"34","969","context_pathway_projection","0.4489600956439972"
"34","970","context_pathway_projection","0.40967610478401184"
"34","1011","context_pathway_projection","0.43399474024772644"
"34","1012","context_pathway_projection","0.40593475103378296"
"34","1013","context_pathway_projection","0.43399474024772644"
"35","199","context_pathway_projection","0.4763171374797821"
"35","284","context_pathway_projection","0.4665963649749756"
"35","285","context_pathway_projection","0.4763171374797821"
"35","286","context_pathway_projection","0.4763171374797821"
"35","484","context_pathway_projection","0.473274290561676"
"35","625","context_pathway_projection","0.48603788018226624"
"35","653","context_pathway_projection","0.44715484976768494"
"35","967","context_pathway_projection","0.4814341962337494"
"35","968","context_pathway_projection","0.473274290561676"
"35","969","context_pathway_projection","0.48959410190582275"
"35","1011","context_pathway_projection","0.473274290561676"
"35","1013","context_pathway_projection","0.473274290561676"
"36","289","context_pathway_projection","0.3767935633659363"
"36","437","context_pathway_projection","0.35556575655937195"
"36","476","context_pathway_projection","0.3046190142631531"
"36","484","context_pathway_projection","0.4263852536678314"
"36","601","context_pathway_projection","0.2982507050037384"
"36","967","context_pathway_projection","0.43373674154281616"
"36","968","context_pathway_projection","0.4263852536678314"
"36","969","context_pathway_projection","0.4410881996154785"
"36","970","context_pathway_projection","0.4024930000305176"
"36","1011","context_pathway_projection","0.4263852536678314"
"36","1012","context_pathway_projection","0.398817241191864"
"36","1013","context_pathway_projection","0.4263852536678314"
"37","285","context_pathway_projection","0.31878429651260376"
"37","289","context_pathway_projection","0.3783484697341919"
"37","437","context_pathway_projection","0.3570330739021301"
"37","484","context_pathway_projection","0.4332439601421356"
"37","625","context_pathway_projection","0.32529008388519287"
"37","967","context_pathway_projection","0.44071370363235474"
"37","968","context_pathway_projection","0.4332439601421356"
"37","969","context_pathway_projection","0.44818341732025146"
"37","970","context_pathway_projection","0.40896737575531006"
"37","1011","context_pathway_projection","0.4332439601421356"
"37","1012","context_pathway_projection","0.4052324891090393"
"37","1013","context_pathway_projection","0.4332439601421356"
"38","111","context_pathway_projection","0.16496357321739197"
"38","289","context_pathway_projection","0.19294245541095734"
"38","437","context_pathway_projection","0.1820724606513977"
"38","484","context_pathway_projection","0.21243242919445038"
"38","967","context_pathway_projection","0.21609506011009216"
"38","968","context_pathway_projection","0.21243242919445038"
"38","969","context_pathway_projection","0.21975769102573395"
"38","970","context_pathway_projection","0.20052890479564667"
"38","972","context_pathway_projection","0.16580308973789215"
"38","1011","context_pathway_projection","0.21243242919445038"
"38","1012","context_pathway_projection","0.19869756698608398"
"38","1013","context_pathway_projection","0.21243242919445038"
"39","199","context_pathway_projection","0.4623525142669678"
"39","284","context_pathway_projection","0.4529167115688324"
"39","285","context_pathway_projection","0.4623525142669678"
"39","286","context_pathway_projection","0.4623525142669678"
"39","434","context_pathway_projection","0.37705904245376587"
"39","518","context_pathway_projection","0.5025819540023804"
"39","524","context_pathway_projection","0.43589791655540466"
"39","528","context_pathway_projection","0.4917948246002197"
"39","625","context_pathway_projection","0.4717882573604584"
"39","631","context_pathway_projection","0.40451717376708984"
"39","653","context_pathway_projection","0.4340451955795288"
"39","668","context_pathway_projection","0.4084397852420807"
"40","199","context_pathway_projection","0.33468738198280334"
"40","289","context_pathway_projection","0.39855071902275085"
"40","437","context_pathway_projection","0.376097172498703"
"40","484","context_pathway_projection","0.4351229667663574"
"40","625","context_pathway_projection","0.34151771664619446"
"40","967","context_pathway_projection","0.44262510538101196"
"40","968","context_pathway_projection","0.4351229667663574"
"40","969","context_pathway_projection","0.4501272141933441"
"40","970","context_pathway_projection","0.41074109077453613"
"40","1011","context_pathway_projection","0.4351229667663574"
"40","1012","context_pathway_projection","0.40699002146720886"
"40","1013","context_pathway_projection","0.4351229667663574"
"41","3","disease_pathway_prior","0.75"
"41","5","disease_pathway_prior","0.75"
"41","80","disease_pathway_prior","0.75"
"41","289","context_pathway_projection","0.4859595000743866"
"41","484","context_pathway_projection","0.5381563901901245"
"41","967","context_pathway_projection","0.5474349856376648"
"41","968","context_pathway_projection","0.5381563901901245"
"41","969","context_pathway_projection","0.5567135214805603"
"41","970","context_pathway_projection","0.5080010890960693"
"41","1011","context_pathway_projection","0.5381563901901245"
"41","1012","context_pathway_projection","0.5033618211746216"
"41","1013","context_pathway_projection","0.5381563901901245"
"42","289","context_pathway_projection","0.20255674421787262"
"42","437","context_pathway_projection","0.19114510715007782"
"42","484","context_pathway_projection","0.215521901845932"
"42","967","context_pathway_projection","0.2192378044128418"
"42","968","context_pathway_projection","0.215521901845932"
"42","969","context_pathway_projection","0.2229536920785904"
"42","970","context_pathway_projection","0.20344525575637817"
"42","972","context_pathway_projection","0.1758236140012741"
"42","1011","context_pathway_projection","0.215521901845932"
"42","1012","context_pathway_projection","0.20158728957176208"
"42","1013","context_pathway_projection","0.215521901845932"
"42","1090","context_pathway_projection","0.17493337392807007"
"43","44","context_pathway_projection","0.47341546416282654"
"43","159","context_pathway_projection","0.49016010761260986"
"43","199","context_pathway_projection","0.16556233167648315"
"43","231","context_pathway_projection","0.4011092782020569"
"43","420","context_pathway_projection","0.5403938889503479"
"43","433","context_pathway_projection","0.433837354183197"
"43","454","context_pathway_projection","0.4102426767349243"
"43","518","context_pathway_projection","0.1774825006723404"
"43","528","context_pathway_projection","0.1736731231212616"
"43","625","context_pathway_projection","0.16894115507602692"
"43","930","context_pathway_projection","0.4658043086528778"
"43","1008","context_pathway_projection","0.4011092782020569"
"44","199","context_pathway_projection","0.48354846239089966"
"44","284","context_pathway_projection","0.4736801087856293"
"44","285","context_pathway_projection","0.48354846239089966"
"44","286","context_pathway_projection","0.48354846239089966"
"44","434","context_pathway_projection","0.3690797984600067"
"44","518","context_pathway_projection","0.49194639921188354"
"44","524","context_pathway_projection","0.4266735017299652"
"44","528","context_pathway_projection","0.48138755559921265"
"44","625","context_pathway_projection","0.49341678619384766"
"44","631","context_pathway_projection","0.3959568738937378"
"44","653","context_pathway_projection","0.4539434611797333"
"44","668","context_pathway_projection","0.39979642629623413"
"45","44","context_pathway_projection","0.5998609066009521"
"45","159","context_pathway_projection","0.621077835559845"
"45","231","context_pathway_projection","0.5082423090934753"
"45","420","context_pathway_projection","0.6847286820411682"
"45","433","context_pathway_projection","0.5497117638587952"
"45","454","context_pathway_projection","0.5198151469230652"
"45","518","context_pathway_projection","0.06472992151975632"
"45","524","context_pathway_projection","0.05614136531949043"
"45","528","context_pathway_projection","0.06334059685468674"
"45","625","context_pathway_projection","0.055203381925821304"
"45","930","context_pathway_projection","0.590216875076294"
"45","1008","context_pathway_projection","0.5082423090934753"
"46","199","context_pathway_projection","0.5114386081695557"
"46","284","context_pathway_projection","0.5010010600090027"
"46","285","context_pathway_projection","0.5114386081695557"
"46","286","context_pathway_projection","0.5114386081695557"
"46","434","context_pathway_projection","0.404337078332901"
"46","518","context_pathway_projection","0.5389408469200134"
"46","524","context_pathway_projection","0.46743258833885193"
"46","528","context_pathway_projection","0.5273733735084534"
"46","625","context_pathway_projection","0.5218760967254639"
"46","631","context_pathway_projection","0.4337816536426544"
"46","653","context_pathway_projection","0.4801260232925415"
"46","668","context_pathway_projection","0.4379880130290985"
"47","3","disease_pathway_prior","0.75"
"47","5","disease_pathway_prior","0.75"
"47","80","disease_pathway_prior","0.75"
"47","484","context_pathway_projection","0.49282026290893555"
"47","625","context_pathway_projection","0.4665781855583191"
"47","967","context_pathway_projection","0.5013172030448914"
"47","968","context_pathway_projection","0.49282026290893555"
"47","969","context_pathway_projection","0.5098140835762024"
"47","970","context_pathway_projection","0.4652053713798523"
"47","1011","context_pathway_projection","0.49282026290893555"
"47","1012","context_pathway_projection","0.460956871509552"
"47","1013","context_pathway_projection","0.49282026290893555"
"48","44","context_pathway_projection","0.6434457898139954"
"48","159","context_pathway_projection","0.6662043929100037"
"48","231","context_pathway_projection","0.5451703667640686"
"48","420","context_pathway_projection","0.7344799637794495"
"48","433","context_pathway_projection","0.589652955532074"
"48","454","context_pathway_projection","0.5575840473175049"
"48","930","context_pathway_projection","0.6331010460853577"
"48","967","context_pathway_projection","0.015375613234937191"
"48","968","context_pathway_projection","0.015115009620785713"
"48","969","context_pathway_projection","0.01563621684908867"
"48","1008","context_pathway_projection","0.5451703667640686"
"48","1011","context_pathway_projection","0.015115009620785713"
"49","289","context_pathway_projection","0.17000190913677216"
"49","437","context_pathway_projection","0.1604243367910385"
"49","484","context_pathway_projection","0.19034002721309662"
"49","967","context_pathway_projection","0.19362175464630127"
"49","968","context_pathway_projection","0.19034002721309662"
"49","969","context_pathway_projection","0.19690348207950592"
"49","970","context_pathway_projection","0.179674431681633"
"49","972","context_pathway_projection","0.14927342534065247"
"49","1011","context_pathway_projection","0.19034002721309662"
"49","1012","context_pathway_projection","0.17803356051445007"
"49","1013","context_pathway_projection","0.19034002721309662"
"49","1090","context_pathway_projection","0.14851760864257812"
"50","289","context_pathway_projection","0.33920344710350037"
"50","437","context_pathway_projection","0.32009339332580566"
"50","484","context_pathway_projection","0.4294024705886841"
"50","625","context_pathway_projection","0.30079662799835205"
"50","967","context_pathway_projection","0.43680596351623535"
"50","968","context_pathway_projection","0.4294024705886841"
"50","969","context_pathway_projection","0.4442094564437866"
"50","970","context_pathway_projection","0.40534114837646484"
"50","972","context_pathway_projection","0.298403799533844"
"50","1011","context_pathway_projection","0.4294024705886841"
"50","1012","context_pathway_projection","0.4016393721103668"
"50","1013","context_pathway_projection","0.4294024705886841"
"51","111","context_pathway_projection","0.1539168655872345"
"51","289","context_pathway_projection","0.1576033979654312"
"51","484","context_pathway_projection","0.17930284142494202"
"51","967","context_pathway_projection","0.18239428102970123"
"51","968","context_pathway_projection","0.17930284142494202"
"51","969","context_pathway_projection","0.18548570573329926"
"51","970","context_pathway_projection","0.16925570368766785"
"51","972","context_pathway_projection","0.1547001600265503"
"51","1011","context_pathway_projection","0.17930284142494202"
"51","1012","context_pathway_projection","0.16770999133586884"
"51","1013","context_pathway_projection","0.17930284142494202"
"51","1090","context_pathway_projection","0.1539168655872345"
"52","289","context_pathway_projection","0.16402454674243927"
"52","437","context_pathway_projection","0.1547837257385254"
"52","484","context_pathway_projection","0.18075412511825562"
"52","967","context_pathway_projection","0.1838705837726593"
"52","968","context_pathway_projection","0.18075412511825562"
"52","969","context_pathway_projection","0.1869870275259018"
"52","970","context_pathway_projection","0.17062567174434662"
"52","972","context_pathway_projection","0.14529716968536377"
"52","1011","context_pathway_projection","0.18075412511825562"
"52","1012","context_pathway_projection","0.16906742751598358"
"52","1013","context_pathway_projection","0.18075412511825562"
"52","1090","context_pathway_projection","0.14456148445606232"
"53","44","context_pathway_projection","0.6432658433914185"
"53","159","context_pathway_projection","0.666018009185791"
"53","231","context_pathway_projection","0.5450178384780884"
"53","420","context_pathway_projection","0.7342745065689087"
"53","433","context_pathway_projection","0.5894880294799805"
"53","454","context_pathway_projection","0.5574281215667725"
"53","625","context_pathway_projection","0.0345119871199131"
"53","930","context_pathway_projection","0.63292396068573"
"53","967","context_pathway_projection","0.03497479483485222"
"53","969","context_pathway_projection","0.03556758910417557"
"53","1008","context_pathway_projection","0.5450178384780884"
"53","1011","context_pathway_projection","0.03438200056552887"
"54","111","context_pathway_projection","0.5342170000076294"
"54","199","context_pathway_projection","0.4147472679615021"
"54","284","context_pathway_projection","0.40628302097320557"
"54","285","context_pathway_projection","0.4147472679615021"
"54","286","context_pathway_projection","0.4147472679615021"
"54","409","context_pathway_projection","0.40372124314308167"
"54","625","context_pathway_projection","0.4232114851474762"
"54","653","context_pathway_projection","0.3893545866012573"
"54","831","context_pathway_projection","0.43362656235694885"
"54","972","context_pathway_projection","0.5369356870651245"
"54","1090","context_pathway_projection","0.5342170000076294"
"54","1092","context_pathway_projection","0.4580945074558258"
"55","199","context_pathway_projection","0.49704456329345703"
"55","284","context_pathway_projection","0.48690077662467957"
"55","285","context_pathway_projection","0.49704456329345703"
"55","286","context_pathway_projection","0.49704456329345703"
"55","434","context_pathway_projection","0.40095067024230957"
"55","518","context_pathway_projection","0.5344271063804626"
"55","524","context_pathway_projection","0.4635177552700043"
"55","528","context_pathway_projection","0.5229564905166626"
"55","625","context_pathway_projection","0.5071883201599121"
"55","631","context_pathway_projection","0.4301486611366272"
"55","653","context_pathway_projection","0.4666132628917694"
"55","668","context_pathway_projection","0.43431979417800903"
"56","199","context_pathway_projection","0.5267278552055359"
"56","284","context_pathway_projection","0.5159782767295837"
"56","285","context_pathway_projection","0.5267278552055359"
"56","286","context_pathway_projection","0.5267278552055359"
"56","434","context_pathway_projection","0.4170439839363098"
"56","518","context_pathway_projection","0.5558778643608093"
"56","524","context_pathway_projection","0.48212236166000366"
"56","528","context_pathway_projection","0.5439468622207642"
"56","625","context_pathway_projection","0.5374773740768433"
"56","631","context_pathway_projection","0.4474138915538788"
"56","653","context_pathway_projection","0.4944791793823242"
"56","668","context_pathway_projection","0.4517524540424347"
"57","289","context_pathway_projection","0.4831366240978241"
"57","437","context_pathway_projection","0.4559176564216614"
"57","476","context_pathway_projection","0.39059212803840637"
"57","484","context_pathway_projection","0.5360328555107117"
"57","625","context_pathway_projection","0.3875962793827057"
"57","967","context_pathway_projection","0.5452748537063599"
"57","968","context_pathway_projection","0.5360328555107117"
"57","969","context_pathway_projection","0.5545167922973633"
"57","970","context_pathway_projection","0.505996584892273"
"57","1011","context_pathway_projection","0.5360328555107117"
"57","1012","context_pathway_projection","0.5013755559921265"
"57","1013","context_pathway_projection","0.5360328555107117"
"58","199","context_pathway_projection","0.4710206687450409"
"58","284","context_pathway_projection","0.46140798926353455"
"58","285","context_pathway_projection","0.4710206687450409"
"58","286","context_pathway_projection","0.4710206687450409"
"58","484","context_pathway_projection","0.4699011445045471"
"58","625","context_pathway_projection","0.48063331842422485"
"58","967","context_pathway_projection","0.4780029058456421"
"58","968","context_pathway_projection","0.4699011445045471"
"58","969","context_pathway_projection","0.4861046373844147"
"58","970","context_pathway_projection","0.44357049465179443"
"58","1011","context_pathway_projection","0.4699011445045471"
"58","1013","context_pathway_projection","0.4699011445045471"
"59","199","context_pathway_projection","0.4397595524787903"
"59","284","context_pathway_projection","0.43078485131263733"
"59","285","context_pathway_projection","0.4397595524787903"
"59","286","context_pathway_projection","0.4397595524787903"
"59","484","context_pathway_projection","0.44159045815467834"
"59","625","context_pathway_projection","0.44873422384262085"
"59","967","context_pathway_projection","0.44920408725738525"
"59","968","context_pathway_projection","0.44159045815467834"
"59","969","context_pathway_projection","0.45681771636009216"
"59","970","context_pathway_projection","0.4168461859226227"
"59","1011","context_pathway_projection","0.44159045815467834"
"59","1013","context_pathway_projection","0.44159045815467834"
"60","44","context_pathway_projection","0.6296478509902954"
"60","159","context_pathway_projection","0.651918351650238"
"60","231","context_pathway_projection","0.5334797501564026"
"60","420","context_pathway_projection","0.7187298536300659"
"60","433","context_pathway_projection","0.5770084857940674"
"60","454","context_pathway_projection","0.5456272959709167"
"60","518","context_pathway_projection","0.0353352427482605"
"60","524","context_pathway_projection","0.030646858736872673"
"60","528","context_pathway_projection","0.03457682952284813"
"60","668","context_pathway_projection","0.028716348111629486"
"60","930","context_pathway_projection","0.6195248961448669"
"60","1008","context_pathway_projection","0.5334797501564026"
"61","44","context_pathway_projection","0.6377748250961304"
"61","159","context_pathway_projection","0.6603327989578247"
"61","199","context_pathway_projection","0.022503186017274857"
"61","231","context_pathway_projection","0.5403655171394348"
"61","285","context_pathway_projection","0.022503186017274857"
"61","286","context_pathway_projection","0.022503186017274857"
"61","420","context_pathway_projection","0.7280066609382629"
"61","433","context_pathway_projection","0.5844560861587524"
"61","454","context_pathway_projection","0.5526698231697083"
"61","625","context_pathway_projection","0.022962434217333794"
"61","930","context_pathway_projection","0.627521276473999"
"61","1008","context_pathway_projection","0.5403655171394348"
"62","111","context_pathway_projection","0.15507221221923828"
"62","289","context_pathway_projection","0.1565873622894287"
"62","484","context_pathway_projection","0.17844563722610474"
"62","967","context_pathway_projection","0.18152229487895966"
"62","968","context_pathway_projection","0.17844563722610474"
"62","969","context_pathway_projection","0.18459893763065338"
"62","970","context_pathway_projection","0.16844654083251953"
"62","972","context_pathway_projection","0.15586137771606445"
"62","1011","context_pathway_projection","0.17844563722610474"
"62","1012","context_pathway_projection","0.16690820455551147"
"62","1013","context_pathway_projection","0.17844563722610474"
"62","1090","context_pathway_projection","0.15507221221923828"
"63","199","context_pathway_projection","0.5314429402351379"
"63","284","context_pathway_projection","0.5205971598625183"
"63","285","context_pathway_projection","0.5314429402351379"
"63","286","context_pathway_projection","0.5314429402351379"
"63","434","context_pathway_projection","0.4275854825973511"
"63","518","context_pathway_projection","0.5699286460876465"
"63","524","context_pathway_projection","0.49430885910987854"
"63","528","context_pathway_projection","0.5576960444450378"
"63","625","context_pathway_projection","0.5422887206077576"
"63","631","context_pathway_projection","0.4587230682373047"
"63","653","context_pathway_projection","0.49890562891960144"
"63","668","context_pathway_projection","0.4631712734699249"
"64","111","context_pathway_projection","0.4785887598991394"
"64","199","context_pathway_projection","0.3961479961872101"
"64","284","context_pathway_projection","0.38806334137916565"
"64","285","context_pathway_projection","0.3961479961872101"
"64","286","context_pathway_projection","0.3961479961872101"
"64","409","context_pathway_projection","0.36168158054351807"
"64","625","context_pathway_projection","0.4042326509952545"
"64","653","context_pathway_projection","0.3718940317630768"
"64","831","context_pathway_projection","0.3884728252887726"
"64","972","context_pathway_projection","0.4810243248939514"
"64","1090","context_pathway_projection","0.4785887598991394"
"64","1092","context_pathway_projection","0.4103929102420807"
"65","44","context_pathway_projection","0.426697313785553"
"65","159","context_pathway_projection","0.44178953766822815"
"65","420","context_pathway_projection","0.4870660901069641"
"65","484","context_pathway_projection","0.4302515983581543"
"65","930","context_pathway_projection","0.41983726620674133"
"65","967","context_pathway_projection","0.4376697540283203"
"65","968","context_pathway_projection","0.4302515983581543"
"65","969","context_pathway_projection","0.44508787989616394"
"65","970","context_pathway_projection","0.4061427116394043"
"65","1011","context_pathway_projection","0.4302515983581543"
"65","1012","context_pathway_projection","0.4024336040019989"
"65","1013","context_pathway_projection","0.4302515983581543"
"66","44","context_pathway_projection","0.41166988015174866"
"66","159","context_pathway_projection","0.4262305796146393"
"66","199","context_pathway_projection","0.21424466371536255"
"66","231","context_pathway_projection","0.34879428148269653"
"66","420","context_pathway_projection","0.469912588596344"
"66","433","context_pathway_projection","0.37725377082824707"
"66","454","context_pathway_projection","0.3567364513874054"
"66","518","context_pathway_projection","0.22038708627223969"
"66","528","context_pathway_projection","0.2156568318605423"
"66","625","context_pathway_projection","0.21861699223518372"
"66","930","context_pathway_projection","0.40505144000053406"
"66","1008","context_pathway_projection","0.34879428148269653"
