type,name,id
ncRNA,hsa-let-7e,0
ncRNA,hsa-let-7g,1
ncRNA,hsa-let-7i,2
ncRNA,hsa-miR-100-3p,3
ncRNA,hsa-miR-100-5p,4
ncRNA,hsa-miR-101-3p,5
ncRNA,hsa-miR-101-5p,6
ncRNA,hsa-miR-103b,7
ncRNA,hsa-mir-105-1,8
ncRNA,hsa-miR-105-3p,9
ncRNA,hsa-miR-105-5p,10
ncRNA,hsa-miR-106a-3p,11
ncRNA,hsa-miR-106a-5p,12
ncRNA,hsa-mir-106b,13
ncRNA,hsa-miR-106b-3p,14
ncRNA,hsa-miR-106b-5p,15
ncRNA,hsa-mir-107,16
ncRNA,hsa-miR-107,17
ncRNA,hsa-mir-10a,18
ncRNA,hsa-miR-10a-3p,19
ncRNA,hsa-miR-10a-5p,20
ncRNA,hsa-mir-10b,21
ncRNA,hsa-miR-10b-3p,22
ncRNA,hsa-miR-10b-5p,23
ncRNA,hsa-miR-1178-3p,24
ncRNA,hsa-miR-1179,25
ncRNA,hsa-mir-1180,26
ncRNA,hsa-miR-1180-3p,27
ncRNA,hsa-miR-1181,28
ncRNA,hsa-mir-1182,29
ncRNA,hsa-miR-1182,30
ncRNA,hsa-mir-1183,31
ncRNA,hsa-miR-1183,32
ncRNA,hsa-mir-1185-1,33
ncRNA,hsa-miR-1197,34
ncRNA,hsa-miR-1200,35
ncRNA,hsa-miR-1202,36
ncRNA,hsa-miR-1203,37
ncRNA,hsa-miR-1204,38
ncRNA,hsa-miR-1205,39
ncRNA,hsa-miR-1206,40
ncRNA,hsa-mir-1207,41
ncRNA,hsa-miR-1207-3p,42
ncRNA,hsa-miR-1207-5p,43
ncRNA,hsa-miR-1208,44
ncRNA,hsa-miR-122-3p,45
ncRNA,hsa-miR-122-5p,46
ncRNA,hsa-mir-1224,47
ncRNA,hsa-miR-1224-3p,48
ncRNA,hsa-miR-1224-5p,49
ncRNA,hsa-mir-1225,50
ncRNA,hsa-miR-1225-3p,51
ncRNA,hsa-miR-1225-5p,52
ncRNA,hsa-mir-1226,53
ncRNA,hsa-miR-1226-3p,54
ncRNA,hsa-miR-1226-5p,55
ncRNA,hsa-miR-1227-5p,56
ncRNA,hsa-mir-1228,57
ncRNA,hsa-miR-1228-3p,58
ncRNA,hsa-miR-1228-5p,59
ncRNA,hsa-miR-1229-3p,60
ncRNA,hsa-miR-1229-5p,61
ncRNA,hsa-miR-122b-5p,62
ncRNA,hsa-mir-1231,63
ncRNA,hsa-miR-1231,64
ncRNA,hsa-miR-1233-3p,65
ncRNA,hsa-miR-1233-5p,66
ncRNA,hsa-mir-1234,67
ncRNA,hsa-miR-1234-3p,68
ncRNA,hsa-miR-1236-3p,69
ncRNA,hsa-miR-1236-5p,70
ncRNA,hsa-miR-1237-3p,71
ncRNA,hsa-miR-1237-5p,72
ncRNA,hsa-miR-1238-3p,73
ncRNA,hsa-mir-124-3,74
ncRNA,hsa-miR-124-3p,75
ncRNA,hsa-miR-124-5p,76
ncRNA,hsa-miR-1243,77
ncRNA,hsa-miR-1244,78
ncRNA,hsa-miR-1245a,79
ncRNA,hsa-miR-1245b-3p,80
ncRNA,hsa-miR-1245b-5p,81
ncRNA,hsa-mir-1246,82
ncRNA,hsa-miR-1246,83
ncRNA,hsa-mir-1247,84
ncRNA,hsa-miR-1247-3p,85
ncRNA,hsa-miR-1247-5p,86
ncRNA,hsa-miR-1248,87
ncRNA,hsa-miR-1249-3p,88
ncRNA,hsa-miR-1250-5p,89
ncRNA,hsa-mir-1252,90
ncRNA,hsa-miR-1252-5p,91
ncRNA,hsa-miR-1253,92
ncRNA,hsa-miR-1254,93
ncRNA,hsa-miR-1255a,94
ncRNA,hsa-mir-1255b-2,95
ncRNA,hsa-miR-1255b-5p,96
ncRNA,hsa-miR-1256,97
ncRNA,hsa-miR-1257,98
ncRNA,hsa-miR-1258,99
ncRNA,hsa-miR-125a-3p,100
ncRNA,hsa-miR-125a-5p,101
ncRNA,hsa-mir-125b-1,102
ncRNA,hsa-miR-125b-1-3p,103
ncRNA,hsa-mir-125b-2,104
ncRNA,hsa-miR-125b-2-3p,105
ncRNA,hsa-miR-125b-5p,106
ncRNA,hsa-miR-126-3p,107
ncRNA,hsa-miR-126-5p,108
ncRNA,hsa-mir-1260a,109
ncRNA,hsa-miR-1260a,110
ncRNA,hsa-miR-1260b,111
ncRNA,hsa-miR-1261,112
ncRNA,hsa-miR-1262,113
ncRNA,hsa-miR-1264,114
ncRNA,hsa-miR-1265,115
ncRNA,hsa-mir-1266,116
ncRNA,hsa-miR-1266-5p,117
ncRNA,hsa-miR-1267,118
ncRNA,hsa-miR-1268a,119
ncRNA,hsa-miR-1268b,120
ncRNA,hsa-miR-1269a,121
ncRNA,hsa-miR-1269b,122
ncRNA,hsa-miR-127-3p,123
ncRNA,hsa-miR-1270,124
ncRNA,hsa-mir-1271,125
ncRNA,hsa-miR-1271-3p,126
ncRNA,hsa-miR-1271-5p,127
ncRNA,hsa-miR-1272,128
ncRNA,hsa-miR-1273c,129
ncRNA,hsa-miR-1273g-3p,130
ncRNA,hsa-miR-1273g-5p,131
ncRNA,hsa-miR-1273h-5p,132
ncRNA,hsa-miR-1275,133
ncRNA,hsa-miR-1276,134
ncRNA,hsa-miR-1277-3p,135
ncRNA,hsa-miR-1278,136
ncRNA,hsa-miR-1279,137
ncRNA,hsa-mir-128-2,138
ncRNA,hsa-miR-128-3p,139
ncRNA,hsa-mir-1281,140
ncRNA,hsa-miR-1281,141
ncRNA,hsa-miR-1283,142
ncRNA,hsa-mir-1283-2,143
ncRNA,hsa-mir-1284,144
ncRNA,hsa-miR-1284,145
ncRNA,hsa-mir-1285-1,146
ncRNA,hsa-miR-1285-3p,147
ncRNA,hsa-miR-1285-5p,148
ncRNA,hsa-miR-1287-5p,149
ncRNA,hsa-miR-1288-3p,150
ncRNA,hsa-miR-1289,151
ncRNA,hsa-mir-129-1,152
ncRNA,hsa-miR-129-1-3p,153
ncRNA,hsa-mir-129-2,154
ncRNA,hsa-miR-129-2-3p,155
ncRNA,hsa-miR-129-5p,156
ncRNA,hsa-miR-1290,157
ncRNA,hsa-miR-1291,158
ncRNA,hsa-mir-1292,159
ncRNA,hsa-miR-1292-5p,160
ncRNA,hsa-mir-1293,161
ncRNA,hsa-miR-1293,162
ncRNA,hsa-miR-1294,163
ncRNA,hsa-mir-1295a,164
ncRNA,hsa-miR-1295b-5p,165
ncRNA,hsa-mir-1296,166
ncRNA,hsa-miR-1296-5p,167
ncRNA,hsa-miR-1297,168
ncRNA,hsa-miR-1298-5p,169
ncRNA,hsa-miR-1299,170
ncRNA,hsa-mir-1301,171
ncRNA,hsa-miR-1301-3p,172
ncRNA,hsa-miR-1302,173
ncRNA,hsa-miR-1303,174
ncRNA,hsa-miR-1304-3p,175
ncRNA,hsa-miR-1304-5p,176
ncRNA,hsa-mir-1305,177
ncRNA,hsa-miR-1305,178
ncRNA,hsa-miR-1306-3p,179
ncRNA,hsa-mir-1307,180
ncRNA,hsa-miR-1307-3p,181
ncRNA,hsa-miR-1307-5p,182
ncRNA,hsa-miR-130a-3p,183
ncRNA,hsa-miR-130a-5p,184
ncRNA,hsa-mir-130b,185
ncRNA,hsa-miR-130b-3p,186
ncRNA,hsa-miR-130b-5p,187
ncRNA,hsa-mir-132,188
ncRNA,hsa-miR-132-3p,189
ncRNA,hsa-miR-132-5p,190
ncRNA,hsa-miR-1321,191
ncRNA,hsa-miR-1323,192
ncRNA,hsa-miR-133a-3p,193
ncRNA,hsa-miR-133a-5p,194
ncRNA,hsa-mir-133b,195
ncRNA,hsa-miR-133b,196
ncRNA,hsa-mir-134,197
ncRNA,hsa-miR-134-5p,198
ncRNA,hsa-miR-1343-3p,199
ncRNA,hsa-miR-1343-5p,200
ncRNA,hsa-miR-135a-3p,201
ncRNA,hsa-miR-135a-5p,202
ncRNA,hsa-miR-135b-3p,203
ncRNA,hsa-miR-135b-5p,204
ncRNA,hsa-miR-136-3p,205
ncRNA,hsa-miR-136-5p,206
ncRNA,hsa-mir-137,207
ncRNA,hsa-miR-137-3p,208
ncRNA,hsa-mir-138-1,209
ncRNA,hsa-miR-138-1-3p,210
ncRNA,hsa-mir-138-2,211
ncRNA,hsa-miR-138-2-3p,212
ncRNA,hsa-miR-138-5p,213
ncRNA,hsa-mir-139,214
ncRNA,hsa-miR-139-3p,215
ncRNA,hsa-miR-139-5p,216
ncRNA,hsa-mir-140,217
ncRNA,hsa-miR-140-3p,218
ncRNA,hsa-miR-140-5p,219
ncRNA,hsa-miR-141-3p,220
ncRNA,hsa-miR-141-5p,221
ncRNA,hsa-mir-142,222
ncRNA,hsa-miR-142-3p,223
ncRNA,hsa-miR-142-5p,224
ncRNA,hsa-miR-143-3p,225
ncRNA,hsa-miR-143-5p,226
ncRNA,hsa-miR-144-3p,227
ncRNA,hsa-miR-144-5p,228
ncRNA,hsa-miR-145-3p,229
ncRNA,hsa-miR-145-5p,230
ncRNA,hsa-mir-1468,231
ncRNA,hsa-miR-1468-3p,232
ncRNA,hsa-miR-1468-5p,233
ncRNA,hsa-mir-1469,234
ncRNA,hsa-miR-1469,235
ncRNA,hsa-mir-146a,236
ncRNA,hsa-miR-146a-3p,237
ncRNA,hsa-miR-146a-5p,238
ncRNA,hsa-miR-146b-5p,239
ncRNA,hsa-miR-1470,240
ncRNA,hsa-mir-147a,241
ncRNA,hsa-miR-147a,242
ncRNA,hsa-miR-147b-3p,243
ncRNA,hsa-mir-148a,244
ncRNA,hsa-miR-148a-3p,245
ncRNA,hsa-miR-148a-5p,246
ncRNA,hsa-miR-148b-3p,247
ncRNA,hsa-miR-148b-5p,248
ncRNA,hsa-mir-149,249
ncRNA,hsa-miR-149-3p,250
ncRNA,hsa-miR-149-5p,251
ncRNA,hsa-miR-150-3p,252
ncRNA,hsa-miR-150-5p,253
ncRNA,hsa-mir-151a,254
ncRNA,hsa-miR-151a-3p,255
ncRNA,hsa-miR-151a-5p,256
ncRNA,hsa-miR-151b,257
ncRNA,hsa-mir-152,258
ncRNA,hsa-miR-152-3p,259
ncRNA,hsa-miR-152-5p,260
ncRNA,hsa-mir-153-1,261
ncRNA,hsa-mir-153-2,262
ncRNA,hsa-miR-153-3p,263
ncRNA,hsa-miR-153-5p,264
ncRNA,hsa-mir-1537,265
ncRNA,hsa-miR-1538,266
ncRNA,hsa-miR-1539,267
ncRNA,hsa-miR-154-3p,268
ncRNA,hsa-miR-154-5p,269
ncRNA,hsa-miR-155-3p,270
ncRNA,hsa-miR-155-5p,271
ncRNA,hsa-miR-1587,272
ncRNA,hsa-miR-15a-3p,273
ncRNA,hsa-miR-15a-5p,274
ncRNA,hsa-miR-15b-3p,275
ncRNA,hsa-miR-15b-5p,276
ncRNA,hsa-mir-16-1,277
ncRNA,hsa-miR-16-1-3p,278
ncRNA,hsa-miR-16-2-3p,279
ncRNA,hsa-miR-16-5p,280
ncRNA,hsa-mir-17,281
ncRNA,hsa-miR-17-3p,282
ncRNA,hsa-miR-17-5p,283
ncRNA,hsa-mir-181a-1,284
ncRNA,hsa-mir-181a-2,285
ncRNA,hsa-miR-181a-2-3p,286
ncRNA,hsa-miR-181a-3p,287
ncRNA,hsa-miR-181a-5p,288
ncRNA,hsa-mir-181b-1,289
ncRNA,hsa-miR-181b-2-3p,290
ncRNA,hsa-miR-181b-5p,291
ncRNA,hsa-mir-181c,292
ncRNA,hsa-miR-181c-3p,293
ncRNA,hsa-miR-181c-5p,294
ncRNA,hsa-mir-181d,295
ncRNA,hsa-miR-181d-5p,296
ncRNA,hsa-miR-182-3p,297
ncRNA,hsa-miR-182-5p,298
ncRNA,hsa-miR-1825,299
ncRNA,hsa-mir-183,300
ncRNA,hsa-miR-183-3p,301
ncRNA,hsa-miR-183-5p,302
ncRNA,hsa-mir-184,303
ncRNA,hsa-miR-184,304
ncRNA,hsa-miR-185-3p,305
ncRNA,hsa-miR-185-5p,306
ncRNA,hsa-miR-186-3p,307
ncRNA,hsa-miR-186-5p,308
ncRNA,hsa-mir-187,309
ncRNA,hsa-miR-187-3p,310
ncRNA,hsa-miR-187-5p,311
ncRNA,hsa-mir-188,312
ncRNA,hsa-miR-188-3p,313
ncRNA,hsa-miR-188-5p,314
ncRNA,hsa-miR-18a-3p,315
ncRNA,hsa-miR-18a-5p,316
ncRNA,hsa-miR-18b-5p,317
ncRNA,hsa-miR-1908-5p,318
ncRNA,hsa-mir-1909,319
ncRNA,hsa-miR-1909-3p,320
ncRNA,hsa-miR-1909-5p,321
ncRNA,hsa-mir-190a,322
ncRNA,hsa-miR-190a-5p,323
ncRNA,hsa-miR-190b-5p,324
ncRNA,hsa-mir-191,325
ncRNA,hsa-miR-191-3p,326
ncRNA,hsa-miR-191-5p,327
ncRNA,hsa-mir-1910,328
ncRNA,hsa-miR-1910-3p,329
ncRNA,hsa-miR-1910-5p,330
ncRNA,hsa-miR-1911-3p,331
ncRNA,hsa-miR-1911-5p,332
ncRNA,hsa-miR-1913,333
ncRNA,hsa-miR-1914-3p,334
ncRNA,hsa-miR-1914-5p,335
ncRNA,hsa-miR-1915-3p,336
ncRNA,hsa-miR-1915-5p,337
ncRNA,hsa-mir-192,338
ncRNA,hsa-miR-192-3p,339
ncRNA,hsa-miR-192-5p,340
ncRNA,hsa-mir-193a,341
ncRNA,hsa-miR-193a-3p,342
ncRNA,hsa-miR-193a-5p,343
ncRNA,hsa-mir-193b,344
ncRNA,hsa-miR-193b-3p,345
ncRNA,hsa-miR-193b-5p,346
ncRNA,hsa-mir-194-1,347
ncRNA,hsa-miR-194-3p,348
ncRNA,hsa-miR-194-5p,349
ncRNA,hsa-mir-195,350
ncRNA,hsa-miR-195-3p,351
ncRNA,hsa-miR-195-5p,352
ncRNA,hsa-miR-196a-3p,353
ncRNA,hsa-miR-196a-5p,354
ncRNA,hsa-mir-196b,355
ncRNA,hsa-miR-196b-3p,356
ncRNA,hsa-miR-196b-5p,357
ncRNA,hsa-mir-197,358
ncRNA,hsa-miR-197-3p,359
ncRNA,hsa-miR-197-5p,360
ncRNA,hsa-miR-1972,361
ncRNA,hsa-miR-1973,362
ncRNA,hsa-miR-1975,363
ncRNA,hsa-miR-1976,364
ncRNA,hsa-miR-1979,365
ncRNA,hsa-miR-198,366
ncRNA,hsa-mir-199a-1,367
ncRNA,hsa-mir-199a-2,368
ncRNA,hsa-miR-199a-3p,369
ncRNA,hsa-miR-199a-5p,370
ncRNA,hsa-miR-199b-3p,371
ncRNA,hsa-miR-199b-5p,372
ncRNA,hsa-miR-19a-3p,373
ncRNA,hsa-miR-19a-5p,374
ncRNA,hsa-mir-19b-1,375
ncRNA,hsa-miR-19b-1-5p,376
ncRNA,hsa-miR-19b-3p,377
ncRNA,hsa-miR-200a-3p,378
ncRNA,hsa-miR-200a-5p,379
ncRNA,hsa-miR-200b-3p,380
ncRNA,hsa-miR-200b-5p,381
ncRNA,hsa-mir-200c,382
ncRNA,hsa-miR-200c-3p,383
ncRNA,hsa-miR-200c-5p,384
ncRNA,hsa-miR-202-3p,385
ncRNA,hsa-miR-202-5p,386
ncRNA,hsa-miR-203a-3p,387
ncRNA,hsa-miR-203b-3p,388
ncRNA,hsa-miR-203b-5p,389
ncRNA,hsa-mir-204,390
ncRNA,hsa-miR-204-3p,391
ncRNA,hsa-miR-204-5p,392
ncRNA,hsa-mir-205,393
ncRNA,hsa-miR-205-3p,394
ncRNA,hsa-miR-205-5p,395
ncRNA,hsa-miR-206,396
ncRNA,hsa-miR-208a-3p,397
ncRNA,hsa-miR-208a-5p,398
ncRNA,hsa-miR-208b-3p,399
ncRNA,hsa-mir-20a,400
ncRNA,hsa-miR-20a-3p,401
ncRNA,hsa-miR-20a-5p,402
ncRNA,hsa-miR-20b-3p,403
ncRNA,hsa-miR-20b-5p,404
ncRNA,hsa-miR-21-3p,405
ncRNA,hsa-miR-21-5p,406
ncRNA,hsa-mir-210,407
ncRNA,hsa-miR-210-3p,408
ncRNA,hsa-miR-211-3p,409
ncRNA,hsa-miR-211-5p,410
ncRNA,hsa-miR-2110,411
ncRNA,hsa-miR-2113,412
ncRNA,hsa-miR-2114-5p,413
ncRNA,hsa-mir-2116,414
ncRNA,hsa-miR-2116-3p,415
ncRNA,hsa-miR-2116-5p,416
ncRNA,hsa-mir-212,417
ncRNA,hsa-miR-212-3p,418
ncRNA,hsa-miR-212-5p,419
ncRNA,hsa-mir-214,420
ncRNA,hsa-miR-214-3p,421
ncRNA,hsa-miR-214-5p,422
ncRNA,hsa-mir-215,423
ncRNA,hsa-miR-215-3p,424
ncRNA,hsa-miR-215-5p,425
ncRNA,hsa-miR-216a-5p,426
ncRNA,hsa-miR-216b-5p,427
ncRNA,hsa-mir-217,428
ncRNA,hsa-miR-217-5p,429
ncRNA,hsa-miR-218-1-3p,430
ncRNA,hsa-mir-218-2,431
ncRNA,hsa-miR-218-2-3p,432
ncRNA,hsa-miR-218-5p,433
ncRNA,hsa-mir-219a-1,434
ncRNA,hsa-miR-219a-1-3p,435
ncRNA,hsa-mir-219a-2,436
ncRNA,hsa-miR-219a-2-3p,437
ncRNA,hsa-miR-219a-5p,438
ncRNA,hsa-mir-219b,439
ncRNA,hsa-miR-219b-5p,440
ncRNA,hsa-mir-22,441
ncRNA,hsa-miR-22-3p,442
ncRNA,hsa-miR-22-5p,443
ncRNA,hsa-mir-221,444
ncRNA,hsa-miR-221-3p,445
ncRNA,hsa-miR-221-5p,446
ncRNA,hsa-mir-222,447
ncRNA,hsa-miR-222-3p,448
ncRNA,hsa-miR-222-5p,449
ncRNA,hsa-miR-223-3p,450
ncRNA,hsa-miR-224-3p,451
ncRNA,hsa-miR-224-5p,452
ncRNA,hsa-mir-2276,453
ncRNA,hsa-miR-2276-3p,454
ncRNA,hsa-miR-2276-5p,455
ncRNA,hsa-miR-2277-3p,456
ncRNA,hsa-miR-2278,457
ncRNA,hsa-miR-2355-3p,458
ncRNA,hsa-miR-2355-5p,459
ncRNA,hsa-miR-2392,460
ncRNA,hsa-mir-23a,461
ncRNA,hsa-miR-23a-3p,462
ncRNA,hsa-miR-23a-5p,463
ncRNA,hsa-mir-23b,464
ncRNA,hsa-miR-23b-3p,465
ncRNA,hsa-miR-23b-5p,466
ncRNA,hsa-miR-23c,467
ncRNA,hsa-miR-24-2-5p,468
ncRNA,hsa-miR-24-3p,469
ncRNA,hsa-mir-2467,470
ncRNA,hsa-miR-2467-3p,471
ncRNA,hsa-miR-2682-5p,472
ncRNA,hsa_circ_0000023,473
ncRNA,hsa_circ_0000039,474
ncRNA,hsa_circ_0000042,475
ncRNA,hsa_circ_0000045,476
ncRNA,hsa_circ_0000073,477
ncRNA,hsa_circ_0000082,478
ncRNA,hsa_circ_0000085,479
ncRNA,hsa_circ_0000092,480
ncRNA,hsa_circ_0000110,481
ncRNA,hsa_circ_0000122,482
ncRNA,hsa_circ_0000123,483
ncRNA,hsa_circ_0000129,484
ncRNA,hsa_circ_0000141,485
ncRNA,hsa_circ_0000177,486
ncRNA,hsa_circ_0000190,487
ncRNA,hsa_circ_0000192,488
ncRNA,hsa_circ_0000199,489
ncRNA,hsa_circ_0000231,490
ncRNA,hsa_circ_0000277,491
ncRNA,hsa_circ_0000307,492
ncRNA,hsa_circ_0000326,493
ncRNA,hsa_circ_0000352,494
ncRNA,hsa_circ_0000353,495
ncRNA,hsa_circ_0000356,496
ncRNA,hsa_circ_0000375,497
ncRNA,hsa_circ_0000419,498
ncRNA,hsa_circ_0000463,499
ncRNA,hsa_circ_0000471,500
ncRNA,hsa_circ_0000487,501
ncRNA,hsa_circ_0000495,502
ncRNA,hsa_circ_0000502,503
ncRNA,hsa_circ_0000515,504
ncRNA,hsa_circ_0000518,505
ncRNA,hsa_circ_0000519,506
ncRNA,hsa_circ_0000520,507
ncRNA,hsa_circ_0000588,508
ncRNA,hsa_circ_0000657,509
ncRNA,hsa_circ_0001779,510
ncRNA,hsa_circ_0001784,511
ncRNA,hsa_circ_0001792,512
ncRNA,hsa_circ_0001812,513
ncRNA,hsa_circ_0001819,514
ncRNA,hsa_circ_0001821,515
ncRNA,hsa_circ_0001826,516
ncRNA,hsa_circ_0001839,517
ncRNA,hsa_circ_0001910,518
ncRNA,hsa_circ_0001938,519
ncRNA,hsa_circ_0002012,520
ncRNA,hsa_circ_0002017,521
ncRNA,hsa_circ_0002046,522
ncRNA,hsa_circ_0002078,523
ncRNA,hsa_circ_0002082,524
ncRNA,hsa_circ_0002109,525
ncRNA,hsa_circ_0002111,526
ncRNA,hsa_circ_0002113,527
ncRNA,hsa_circ_0002130,528
ncRNA,hsa_circ_0002168,529
ncRNA,hsa_circ_0002186,530
ncRNA,hsa_circ_0002205,531
ncRNA,hsa_circ_0002257,532
ncRNA,hsa_circ_0002274,533
ncRNA,hsa_circ_0002287,534
ncRNA,hsa_circ_0002296,535
ncRNA,hsa_circ_0002314,536
ncRNA,hsa_circ_0002318,537
ncRNA,hsa_circ_0002346,538
ncRNA,hsa_circ_0002369,539
ncRNA,hsa_circ_0002375,540
ncRNA,hsa_circ_0002392,541
ncRNA,hsa_circ_0002399,542
ncRNA,hsa_circ_0002413,543
ncRNA,hsa_circ_0002419,544
ncRNA,hsa_circ_0002434,545
ncRNA,hsa_circ_0002476,546
ncRNA,hsa_circ_0002483,547
ncRNA,hsa_circ_0002522,548
ncRNA,hsa_circ_0002525,549
ncRNA,hsa_circ_0002570,550
ncRNA,hsa_circ_0002612,551
ncRNA,hsa_circ_0002641,552
ncRNA,hsa_circ_0002715,553
ncRNA,hsa_circ_0002861,554
ncRNA,hsa_circ_0002874,555
ncRNA,hsa_circ_0002886,556
ncRNA,hsa_circ_0002894,557
ncRNA,hsa_circ_0002934,558
ncRNA,hsa_circ_0002973,559
ncRNA,hsa_circ_0003018,560
ncRNA,hsa_circ_0003028,561
ncRNA,hsa_circ_0003049,562
ncRNA,hsa_circ_0003054,563
ncRNA,hsa_circ_0003067,564
ncRNA,hsa_circ_0003119,565
ncRNA,hsa_circ_0003183,566
ncRNA,hsa_circ_0003270,567
ncRNA,hsa_circ_0003273,568
ncRNA,hsa_circ_0003323,569
ncRNA,hsa_circ_0003355,570
ncRNA,hsa_circ_0003380,571
ncRNA,hsa_circ_0003489,572
ncRNA,hsa_circ_0003515,573
ncRNA,hsa_circ_0003538,574
ncRNA,hsa_circ_0003549,575
ncRNA,hsa_circ_0003559,576
ncRNA,hsa_circ_0003561,577
ncRNA,hsa_circ_0003628,578
ncRNA,hsa_circ_0003643,579
ncRNA,hsa_circ_0003755,580
ncRNA,hsa_circ_0003761,581
ncRNA,hsa_circ_0003803,582
ncRNA,hsa_circ_0003805,583
ncRNA,hsa_circ_0003832,584
ncRNA,hsa_circ_0003838,585
ncRNA,hsa_circ_0003853,586
ncRNA,hsa_circ_0003887,587
ncRNA,hsa_circ_0003908,588
ncRNA,hsa_circ_0003922,589
ncRNA,hsa_circ_0003977,590
ncRNA,hsa_circ_0003998,591
ncRNA,hsa_circ_0004052,592
ncRNA,hsa_circ_0004066,593
ncRNA,hsa_circ_0004152,594
ncRNA,hsa_circ_0004157,595
ncRNA,hsa_circ_0004206,596
ncRNA,hsa_circ_0004247,597
ncRNA,hsa_circ_0004271,598
ncRNA,hsa_circ_0004373,599
ncRNA,hsa_circ_0004389,600
ncRNA,hsa_circ_0004405,601
ncRNA,hsa_circ_0004513,602
ncRNA,hsa_circ_0004539,603
ncRNA,hsa_circ_0004581,604
ncRNA,hsa_circ_0004590,605
ncRNA,hsa_circ_0004592,606
ncRNA,hsa_circ_0004646,607
ncRNA,hsa_circ_0004674,608
ncRNA,hsa_circ_0004680,609
ncRNA,hsa_circ_0004771,610
ncRNA,hsa_circ_0004817,611
ncRNA,hsa_circ_0004831,612
ncRNA,hsa_circ_0004841,613
ncRNA,hsa_circ_0004842,614
ncRNA,hsa_circ_0004850,615
ncRNA,hsa_circ_0004864,616
ncRNA,hsa_circ_0004870,617
ncRNA,hsa_circ_0004892,618
ncRNA,hsa_circ_0004901,619
ncRNA,hsa_circ_0004904,620
ncRNA,hsa_circ_0004911,621
ncRNA,hsa_circ_0004968,622
ncRNA,hsa_circ_0005004,623
ncRNA,hsa_circ_0005017,624
ncRNA,hsa_circ_0005035,625
ncRNA,hsa_circ_0005046,626
ncRNA,hsa_circ_0005051,627
ncRNA,hsa_circ_0005064,628
ncRNA,hsa_circ_0005203,629
ncRNA,hsa_circ_0005275,630
ncRNA,hsa_circ_0005281,631
ncRNA,hsa_circ_0005325,632
ncRNA,hsa_circ_0005332,633
ncRNA,hsa_circ_0005405,634
ncRNA,hsa_circ_0005462,635
ncRNA,hsa_circ_0005468,636
ncRNA,hsa_circ_0005487,637
ncRNA,hsa_circ_0005512,638
ncRNA,hsa_circ_0005533,639
ncRNA,hsa_circ_0005556,640
ncRNA,hsa_circ_0005576,641
ncRNA,hsa_circ_0005642,642
ncRNA,hsa_circ_0005654,643
ncRNA,hsa_circ_0005659,644
ncRNA,hsa_circ_0005687,645
ncRNA,hsa_circ_0005702,646
ncRNA,hsa_circ_0005715,647
ncRNA,hsa_circ_0005721,648
ncRNA,hsa_circ_0005735,649
ncRNA,hsa_circ_0005843,650
ncRNA,hsa_circ_0005869,651
ncRNA,hsa_circ_0005873,652
ncRNA,hsa_circ_0005910,653
ncRNA,hsa_circ_0005941,654
ncRNA,hsa_circ_0006046,655
ncRNA,hsa_circ_0006084,656
ncRNA,hsa_circ_0006088,657
ncRNA,hsa_circ_0006097,658
ncRNA,hsa_circ_0006113,659
ncRNA,hsa_circ_0006156,660
ncRNA,hsa_circ_0006272,661
ncRNA,hsa_circ_0006294,662
ncRNA,hsa_circ_0006318,663
ncRNA,hsa_circ_0006367,664
ncRNA,hsa_circ_0006385,665
ncRNA,hsa_circ_0006392,666
ncRNA,hsa_circ_0006520,667
ncRNA,hsa_circ_0006528,668
ncRNA,hsa_circ_0006545,669
ncRNA,hsa_circ_0006552,670
ncRNA,hsa_circ_0006564,671
ncRNA,hsa_circ_0006584,672
ncRNA,hsa_circ_0006602,673
ncRNA,hsa_circ_0006608,674
ncRNA,hsa_circ_0006614,675
ncRNA,hsa_circ_0006629,676
ncRNA,hsa_circ_0006633,677
ncRNA,hsa_circ_0006653,678
ncRNA,hsa_circ_0006656,679
ncRNA,hsa_circ_0006674,680
ncRNA,hsa_circ_0006677,681
ncRNA,hsa_circ_0006738,682
ncRNA,hsa_circ_0006801,683
ncRNA,hsa_circ_0006826,684
ncRNA,hsa_circ_0006837,685
ncRNA,hsa_circ_0006855,686
ncRNA,hsa_circ_0006856,687
ncRNA,hsa_circ_0006903,688
ncRNA,hsa_circ_0006936,689
ncRNA,hsa_circ_0006973,690
ncRNA,hsa_circ_0007024,691
ncRNA,hsa_circ_0007042,692
ncRNA,hsa_circ_0007070,693
ncRNA,hsa_circ_0007085,694
ncRNA,hsa_circ_0007107,695
ncRNA,hsa_circ_0007217,696
ncRNA,hsa_circ_0007260,697
ncRNA,hsa_circ_0007308,698
ncRNA,hsa_circ_0007311,699
ncRNA,hsa_circ_0007328,700
ncRNA,hsa_circ_0007330,701
ncRNA,hsa_circ_0007358,702
ncRNA,hsa_circ_0007363,703
ncRNA,hsa_circ_0007364,704
ncRNA,hsa_circ_0007371,705
ncRNA,hsa_circ_0007377,706
ncRNA,hsa_circ_0007437,707
ncRNA,hsa_circ_0007439,708
ncRNA,hsa_circ_0007444,709
ncRNA,hsa_circ_0007528,710
ncRNA,hsa_circ_0007537,711
ncRNA,hsa_circ_0007551,712
ncRNA,HSD3BP4,713
ncRNA,HTR5A-AS1,714
ncRNA,HULC,715
ncRNA,IDI2-AS1,716
ncRNA,IER3-AS1,717
ncRNA,IGF2-AS,718
ncRNA,JPX,719
ncRNA,LINC00161,720
ncRNA,LINC00239,721
ncRNA,LINC00261,722
ncRNA,LINC00460,723
ncRNA,LINC00467,724
ncRNA,LINC00473,725
ncRNA,LINC00511,726
ncRNA,LINC00515,727
ncRNA,LINC00662,728
ncRNA,LINP1,729
ncRNA,LUCAT1,730
ncRNA,MACC1-AS1,731
ncRNA,MALAT1,732
ncRNA,MEG3,733
ncRNA,MIR31HG,734
ncRNA,NEAT1,735
ncRNA,NR2F1-AS1,736
ncRNA,NRAL,737
ncRNA,NRAV,738
ncRNA,OIP5-AS1,739
ncRNA,PART1,740
ncRNA,PCAT-1,741
ncRNA,PCAT6,742
ncRNA,PCBP1-AS1,743
ncRNA,PCBP2-OT1,744
ncRNA,PCED1B-AS1,745
ncRNA,PCGEM1,746
ncRNA,PCOLCE-AS1,747
ncRNA,PDZRN3-AS1,748
ncRNA,PGM5-AS1,749
ncRNA,PITPNA-AS1,750
ncRNA,POU6F2-AS2,751
ncRNA,PRKAG2-AS1,752
ncRNA,PRKAR1B-AS2,753
ncRNA,PRKCQ-AS1,754
ncRNA,PRR34-AS1,755
ncRNA,PRRT3-AS1,756
ncRNA,PSMB8-AS1,757
ncRNA,PSMG3-AS1,758
ncRNA,PTOV1-AS1,759
ncRNA,PVT1,760
ncRNA,PWAR5,761
ncRNA,PWAR6,762
ncRNA,PWRN1,763
ncRNA,PXN-AS1,764
ncRNA,RAMP2-AS1,765
ncRNA,RARA-AS1,766
ncRNA,RASGRF2-AS1,767
ncRNA,RASSF8-AS1,768
ncRNA,RBM26-AS1,769
ncRNA,RGMB-AS1,770
ncRNA,RHPN1-AS1,771
ncRNA,RMST,772
ncRNA,SCOC-AS1,773
ncRNA,SEMA3B-AS1,774
ncRNA,SENP3-EIF4A1,775
ncRNA,SERTAD4-AS1,776
ncRNA,SLC16A1-AS1,777
ncRNA,SLC25A21-AS1,778
ncRNA,SLC7A11-AS1,779
ncRNA,SLCO4A1-AS1,780
ncRNA,SNAI3-AS1,781
ncRNA,SNHG1,782
ncRNA,SNHG3,783
ncRNA,SNHG4,784
ncRNA,SNHG5,785
ncRNA,SNHG6,786
ncRNA,SNHG7,787
ncRNA,SNHG8,788
ncRNA,SNHG9,789
ncRNA,SOCS2-AS1,790
ncRNA,SORCS3-AS1,791
ncRNA,SOX2-OT,792
ncRNA,SOX2OT,793
ncRNA,SPATA3-AS1,794
ncRNA,SSTR5-AS1,795
ncRNA,ST8SIA6-AS1,796
ncRNA,STARD4-AS1,797
ncRNA,STK24-AS1,798
ncRNA,STPG3-AS1,799
ncRNA,STT3A-AS1,800
ncRNA,SVIL-AS1,801
ncRNA,TAF1A-AS1,802
ncRNA,TDRG1,803
ncRNA,TDRKH-AS1,804
ncRNA,TEN1-CDK3,805
ncRNA,TEX26-AS1,806
ncRNA,THAP9-AS1,807
ncRNA,THRIL,808
ncRNA,TLR8-AS1,809
ncRNA,TMC3-AS1,810
ncRNA,TMEM147-AS1,811
ncRNA,TMEM161B-AS1,812
ncRNA,TMEM92-AS1,813
ncRNA,TMLHE-AS1,814
ncRNA,TMPO-AS1,815
ncRNA,TOB1-AS1,816
ncRNA,TP53TG1,817
ncRNA,TPRG1-AS1,818
ncRNA,TPT1-AS1,819
ncRNA,TRAM2-AS1,820
ncRNA,TRERNA1,821
ncRNA,TRHDE-AS1,822
ncRNA,TRPM2-AS,823
ncRNA,TTC28-AS1,824
ncRNA,TTN-AS1,825
ncRNA,TTTY15,826
ncRNA,TTTY9B,827
ncRNA,TUG1,828
ncRNA,TUSC7,829
ncRNA,TUSC8,830
ncRNA,UCA1,831
ncRNA,VCAN-AS1,832
ncRNA,VPS9D1-AS1,833
ncRNA,WDFY3-AS2,834
ncRNA,WT1-AS,835
ncRNA,XACT,836
ncRNA,XXYLT1-AS2,837
ncRNA,ZEB1-AS1,838
ncRNA,ZFAS1,839
ncRNA,ZFHX4-AS1,840
ncRNA,ZNF385D-AS2,841
ncRNA,ZNF503-AS1,842
ncRNA,ZNF503-AS2,843
ncRNA,ZNF667-AS1,844
ncRNA,ZXF1,845
ncRNA,ADAMTS9-AS2,846
ncRNA,ARHGAP5-AS1,847
ncRNA,BANCR,848
ncRNA,BCAR4,849
ncRNA,CASC2,850
ncRNA,CASC9,851
ncRNA,CCAT1,852
ncRNA,CCDC144NL-AS1,853
ncRNA,CRNDE,854
ncRNA,ENTPD1-AS1,855
ncRNA,EPHA5-AS1,856
ncRNA,FENDRR,857
ncRNA,FOXD2-AS1,858
ncRNA,GAS5,859
ncRNA,GIHCG,860
ncRNA,H19,861
ncRNA,HAR1A,862
ncRNA,HIF1A-AS2,863
ncRNA,HOTAIR,864
ncRNA,HOTTIP,865
ncRNA,HOXA-AS2,866
drug,Gefitinib,0
drug,Doxorubicin,1
drug,Oxaliplatin,2
drug,Fluorouracil,3
drug,Temozolomide,4
drug,Vincristine,5
drug,Gemcitabine,6
drug,Cisplatin,7
drug,Crizotinib,8
drug,Paclitaxel,9
drug,Erlotinib,10
drug,Tamoxifen,11
drug,Imatinib,12
drug,Lapatinib,13
drug,Sorafenib,14
drug,Bortezomib,15
drug,Sunitinib,16
drug,Lenvatinib,17
drug,Rutin,18
drug,Carboplatin,19
drug,Docetaxel,20
drug,Capecitabine,21
drug,Dexamethasone,22
drug,Pemetrexed,23
drug,Methotrexate,24
drug,Curcumin,25
drug,Sevoflurane,26
drug,Propofol,27
drug,Taxol,28
drug,Irinotecan,29
drug,Genistein,30
drug,Dasatinib,31
drug,Mitomycin C,32
drug,Enzalutamide,33
drug,Vemurafenib,34
drug,Osimertinib,35
drug,Afatinib,36
drug,Cytarabine,37
drug,Etoposide,38
drug,Sirolimus,39
drug,Temsirolimus,40
drug,Verapamil,41
drug,Vinorelbine,42
drug,Fulvestrant,43
drug,Cabergoline,44
drug,Bromocriptine,45
drug,Cabazitaxel,46
drug,Progesterone,47
drug,Prednisone,48
drug,Taxane,49
drug,Ceritinib,50
drug,Dabrafenib,51
drug,Epirubicin,52
drug,Regorafenib,53
drug,Daunorubicin,54
drug,Azacitidine,55
drug,Mitoxantrone,56
drug,Trametinib,57
drug,Tivantinib,58
drug,10-Hydroxycamptothecin,59
drug,Olaparib,60
drug,Cyclopamine,61
drug,Lorlatinib,62
drug,Navitoclax,63
drug,Camptothecin,64
drug,Anthracycline,65
drug,Cyclophosphamide,66
drug,Apatinib,67
drug,Axitinib,68
drug,Parthenolide,69
drug,Apicidin,70
drug,Vorinostat,71
drug,Palbociclib,72
drug,Yuanhuadine,73
drug,Celastrol,74
drug,Ubenimex,75
drug,Tretinoin,76
drug,Calcitriol,77
drug,Tacalcitol,78
drug,Alpelisib,79
drug,Ribociclib,80
drug,Panobinostat,81
drug,Topotecan,82
drug,Anastrozole,83
drug,Exemestane,84
drug,Letrozole,85
drug,Decitabine,86
drug,Tanespimycin,87
drug,Estradiol,88
drug,Teniposide,89
drug,Erastin,90
drug,Epoxomicin,91
drug,Metformin,92
drug,Berberine,93
drug,Ribavirin,94
drug,Quercetin,95
drug,Pazopanib,96
drug,Rhamnetin,97
drug,Methylprednisolone,98
drug,Dacarbazine,99
drug,Bufalin,100
drug,Schizandrin A,101
drug,Melphalan,102
drug,Pirarubicin,103
drug,Apitolisib,104
drug,Selumetinib,105
drug,Carmustine,106
drug,Cortisone,107
drug,Veliparib,108
drug,Serdemetan,109
drug,Onvansertib,110
drug,Adalimumab,111
drug,4-Acetylantroquinonol B,112
drug,Eribulin,113
drug,Saracatinib,114
drug,Su11274,115
drug,Epothilone B,116
drug,Tetrahydropalmatine,117
drug,Levothroid,118
drug,Dibenziodolium,119
drug,Betulinic Acid,120
drug,Dovitinib,121
drug,Ibrutinib,122
drug,Raltitrexed,123
drug,Beta-Lapachone,124
drug,Catalpol,125
drug,Stanolone,126
drug,Valproic Acid,127
drug,Anlotinib,128
drug,Baicalein,129
drug,Ursolic acid,130
cancer,Non-Small Cell Lung Cancer,0
cancer,Breast Cancer,1
cancer,Papillary Thyroid Cancer,2
cancer,Gastric Cancer,3
cancer,Glioblastoma,4
cancer,Pancreatic Ductal Adenocarcinoma,5
cancer,Pancreatic Cancer,6
cancer,Leukemia,7
cancer,Small Cell Lung Cancer,8
cancer,Epithelial Ovarian Cancer,9
cancer,Ovarian Cancer,10
cancer,Glioma,11
cancer,Acute Myeloid Leukemia,12
cancer,Colorectal Cancer,13
cancer,Hepatocellular Carcinoma,14
cancer,Laryngeal Cancer,15
cancer,Ewing Sarcoma,16
cancer,Prostate Cancer,17
cancer,Osteosarcoma,18
cancer,Multiple Myeloma,19
cancer,Lung Adenocarcinoma,20
cancer,Retinoblastoma,21
cancer,Hypopharyngeal Cancer,22
cancer,Renal Cell Cancer,23
cancer,Endometrial Cancer,24
cancer,Triple-Negative Breast Cancer,25
cancer,Colon Cancer,26
cancer,Gastrointestinal Stromal Tumor,27
cancer,Esophageal Cancer,28
cancer,Neuroblastoma,29
cancer,Thyroid Cancer,30
cancer,Colorectal Adenocarcinoma,31
cancer,Gallbladder Cancer,32
cancer,Seminoma,33
cancer,Pituitary Adenoma,34
cancer,Melanoma,35
cancer,Acute Lymphoblastic Leukemia,36
cancer,Brain Tumour,37
cancer,Esophageal Adenocarcinoma,38
cancer,Acute Promyelocytic Leukemia,39
cancer,Urothelial Bladder Cancer,40
cancer,Chondrosarcoma,41
cancer,Squamous Cell Carcinoma,42
cancer,Testicular Cancer,43
cancer,Cutaneous T-Cell Lymphoma,44
cancer,Chronic Hepatitis C,45
cancer,Glioma Stem Cancer,46
cancer,Parkinson’s Disease,47
cancer,Rectal Cancer,48
cancer,Tongue Cancer,49
cancer,Malignant Pleural Mesothelioma,50
cancer,Lymphoma,51
cancer,Peripheral T-Cell Lymphoma,52
cancer,Osteoarthritis,53
cancer,Epilepsy,54
cancer,Acute Kidney Injury,55
cancer,Skin Cancer,56
cancer,Nongerminomatous Germ Cell Tumors,57
cancer,Lung Cancer,58
